Name,Surname,e-mail
Xavier,Shaw,xavier.shaw@gmail.com
Xavier,Bryant,xavier.bryant@yahoo.com
Alexandra,Marshall,alexandra.marshall@yahoo.com
Sarah,Sullivan,sarah.sullivan@aol.com
Lydia,Howard,lydia.howard@hotmail.com
Nevaeh,Russell,nevaeh.russell@lycos.com
Autumn,White,autumn.white@hotmail.com
Lucy,Tucker,lucy.tucker@gmail.com
Aubrey,Marshall,aubrey.marshall@yahoo.com
Alyssa,Alexander,alyssa.alexander@lycos.com
Henry,Cooper,henry.cooper@aol.com
Aubrey,Mitchell,aubrey.mitchell@hotmail.com
Ethan,Brooks,ethan.brooks@lycos.com
David,Patterson,david.patterson@lycos.com
Tristan,Spencer,tristan.spencer@gmail.com
David,Wright,david.wright@hotmail.com
Jacob,Harris,jacob.harris@aol.com
Aria,Hernandez,aria.hernandez@yahoo.com
Samuel,Baker,samuel.baker@aol.com
Sydney,Allen,sydney.allen@gmail.com
Lillian,Rose,lillian.rose@lycos.com
Eli,Mitchell,eli.mitchell@aol.com
Evelyn,Coleman,evelyn.coleman@gmail.com
Kennedy,Murray,kennedy.murray@hotmail.com
Daniel,Simmons,daniel.simmons@yahoo.com
Lucy,Parker,lucy.parker@aol.com
Daniel,Henderson,daniel.henderson@gmail.com
Hannah,Jones,hannah.jones@lycos.com
Samantha,Gonzalez,samantha.gonzalez@lycos.com
Elijah,West,elijah.west@hotmail.com
Josiah,Harrison,josiah.harrison@aol.com
Aubrey,Wood,aubrey.wood@hotmail.com
Jackson,Thompson,jackson.thompson@hotmail.com
Easton,Graham,easton.graham@yahoo.com
Anna,Robinson,anna.robinson@gmail.com
Colton,Henderson,colton.henderson@aol.com
Aria,Hudson,aria.hudson@yahoo.com
Alyssa,Watson,alyssa.watson@yahoo.com
Amelia,Robertson,amelia.robertson@gmail.com
John,Martinez,john.martinez@gmail.com
Hunter,Dunn,hunter.dunn@gmail.com
Avery,Martin,avery.martin@yahoo.com
Nevaeh,Harrison,nevaeh.harrison@gmail.com
Caleb,Campbell,caleb.campbell@hotmail.com
Alexandra,Hamilton,alexandra.hamilton@yahoo.com
Ella,Mitchell,ella.mitchell@lycos.com
Avery,Brooks,avery.brooks@lycos.com
Oliver,Roberts,oliver.roberts@hotmail.com
Xavier,Hunter,xavier.hunter@aol.com
Alexandra,Gibson,alexandra.gibson@gmail.com
Xavier,Gonzales,xavier.gonzales@gmail.com
Landon,Simpson,landon.simpson@hotmail.com
Jayden,Ellis,jayden.ellis@yahoo.com
Savannah,Ellis,savannah.ellis@lycos.com
Tyler,Wood,tyler.wood@aol.com
Ariana,Foster,ariana.foster@yahoo.com
Luke,Jordan,luke.jordan@gmail.com
Nathaniel,Butler,nathaniel.butler@aol.com
Carson,Dixon,carson.dixon@hotmail.com
Dylan,Graham,dylan.graham@hotmail.com
Logan,Warren,logan.warren@hotmail.com
Tyler,Rice,tyler.rice@yahoo.com
Isabella,Hernandez,isabella.hernandez@aol.com
Maya,Richardson,maya.richardson@gmail.com
Elizabeth,Washington,elizabeth.washington@gmail.com
Genesis,Marshall,genesis.marshall@yahoo.com
Hudson,Lewis,hudson.lewis@lycos.com
Allison,West,allison.west@yahoo.com
Luke,Wallace,luke.wallace@lycos.com
Nolan,Thompson,nolan.thompson@aol.com
Benjamin,Rodriguez,benjamin.rodriguez@aol.com
Khloe,Shaw,khloe.shaw@lycos.com
Jose,James,jose.james@lycos.com
Evelyn,Ward,evelyn.ward@yahoo.com
Noah,Simpson,noah.simpson@hotmail.com
Ellie,Marshall,ellie.marshall@lycos.com
Julia,Henry,julia.henry@gmail.com
Isaiah,Reyes,isaiah.reyes@aol.com
Grayson,Russell,grayson.russell@lycos.com
Jasmine,Dixon,jasmine.dixon@hotmail.com
Skylar,Morris,skylar.morris@lycos.com
